{
  "project_info": {
    "project_number": "538936163563",
    "project_id": "quizzapp-19758",
    "storage_bucket": "quizzapp-19758.appspot.com"
  },
  "client": [
    {
      "client_info": {
        "mobilesdk_app_id": "1:538936163563:android:816a746533b150387e12ae",
        "android_client_info": {
          "package_name": "com.test.quizzapp"
        }
      },
      "oauth_client": [
        {
          "client_id": "538936163563-164jvos8519ie4jnne8ergkr95gb78kf.apps.googleusercontent.com",
          "client_type": 3
        }
      ],
      "api_key": [
        {
          "current_key": "AIzaSyBpTExMJljit_P8uoB5xjxf6ZTvpKIDro4"
        }
      ],
      "services": {
        "appinvite_service": {
          "other_platform_oauth_client": [
            {
              "client_id": "538936163563-164jvos8519ie4jnne8ergkr95gb78kf.apps.googleusercontent.com",
              "client_type": 3
            }
          ]
        }
      }
    }
  ],
  "configuration_version": "1"
}